Treatmentno,Treatment,Naddition,Paddition,Nadd,Padd,Block,Plot,Spname,ST,Snm,STP,Spno,PA,PM,LMA,N,P ,NP,PNUE,PPUE,SP,MP,NP1,RP,SP100,MP100,NP100,RP100
1,CT,0,0,no,no,1,1,C. cyrtophyllum,Cc+CT,Cc,Cc+CT1,1,2.152666667,70.20848444,30.66106161,42.4715011,1.61912847,26.23108782,23.1430196,1344.218854,0.315259767,0.771188059,0.362366887,0.170313758,19.47095443,47.62982511,22.38036659,10.51885387
1,CT,0,0,no,no,2,2,C. cyrtophyllum,Cc+CT,Cc,Cc+CT2,1,7.309333333,174.6890942,41.84195566,32.83368817,0.978011956,33.57186787,74.48591538,5537.112184,0.372315233,0.300860196,0.203826401,0.101010127,38.0685768,30.76242513,20.84089055,10.32810753
1,CT,0,0,no,no,3,3,C. cyrtophyllum,Cc+CT,Cc,Cc+CT3,1,11.59733333,241.9911367,47.92462026,36.79318396,0.934770106,39.36067674,92.07890022,8025.208757,0.285089182,0.406403966,0.164312701,0.078964257,30.49832044,43.47635456,17.5778729,8.44745209
2,N,1,0,yes,no,1,1,C. cyrtophyllum,Cc+N,Cc,Cc+N1,1,8.953666667,244.5138136,36.61824474,42.04990241,1.37396903,30.6046945,81.40787954,5516.811555,0.393147865,0.495977784,0.355354164,0.129489217,28.61402669,36.09817784,25.86333145,9.424464021
2,N,1,0,yes,no,2,2,C. cyrtophyllum,Cc+N,Cc,Cc+N2,1,8.642,288.2077605,29.98531332,45.5777409,1.449252954,31.44912748,88.52805269,6164.859318,0.430567491,0.553081661,0.317731612,0.147872189,29.70961627,38.16322471,21.9238202,10.20333882
2,N,1,0,yes,no,3,3,C. cyrtophyllum,Cc+N,Cc,Cc+N3,1,2.861666667,77.02191219,37.15392913,33.81812033,1.158270826,29.19707513,31.88547324,2061.417092,0.350612939,0.289840919,0.349532185,0.168284783,30.27037643,25.02358793,30.17706892,14.52896671
2,N,1,0,yes,no,4,4,C. cyrtophyllum,Cc+N,Cc,Cc+N4,1,11.953,293.147325,40.77471967,43.41805172,1.372573375,31.63259066,94.52433695,6620.824243,0.384272246,0.54990898,0.320257726,0.118134423,27.99648113,40.06408619,23.33264889,8.606783788
2,N,1,0,yes,no,5,5,C. cyrtophyllum,Cc+N,Cc,Cc+N5,1,12.671,255.698524,49.55445108,37.57381249,1.169509667,32.12783404,95.27325282,6777.758636,0.170621592,0.572655005,0.299524568,0.126708502,14.58915617,48.965393,25.61112378,10.83432705
3,P,0,1,no,yes,1,1,C. cyrtophyllum,Cc+P,Cc,Cc+P1,1,15.58666667,529.0828273,29.45978562,40.83396157,2.487217785,16.41752557,181.3970356,6594.343184,0.300116554,1.367232829,0.603852002,0.2160164,12.06635606,54.97037041,24.2782118,8.685061731
3,P,0,1,no,yes,2,2,C. cyrtophyllum,Cc+P,Cc,Cc+P2,1,8.290333333,287.8172375,28.80415852,44.35451432,2.246040271,19.74787135,90.84625064,3972.473012,0.648206745,1.071810765,0.366229498,0.159793264,28.85997873,47.72001545,16.30556242,7.114443401
3,P,0,1,no,yes,3,3,C. cyrtophyllum,Cc+P,Cc,Cc+P3,1,8.413333333,387.2479359,21.72596043,41.51169993,1.793418788,23.14668509,130.6010381,6693.743865,0.499678355,0.857234042,0.296105354,0.140401037,27.86177765,47.79887709,16.51066419,7.828681071
3,P,0,1,no,yes,4,4,C. cyrtophyllum,Cc+P,Cc,Cc+P4,1,13.17666667,408.7358798,32.23760702,30.78777401,3.884948624,7.924885755,185.8628141,3261.513471,0.712313001,2.127538485,0.487043881,0.558053258,18.33519745,54.76361955,12.53668782,14.36449518
3,P,0,1,no,yes,5,5,C. cyrtophyllum,Cc+P,Cc,Cc+P5,1,14.68666667,422.493862,34.76184624,39.69695215,1.79851882,22.07202489,149.0017179,7282.275602,0.515194697,0.699534579,0.421084016,0.162705528,28.64549935,38.89503804,23.41282233,9.046640285
4,NP,1,1,yes,yes,1,1,C. cyrtophyllum,Cc+NP,Cc,Cc+NP1,1,5.047166667,173.4337244,32.47348435,48.32950353,2.700198198,17.89850226,51.78245053,2448.477046,0.594863382,1.136816786,0.488214987,0.480303043,22.03035996,42.10123489,18.0807093,17.78769586
4,NP,1,1,yes,yes,2,2,C. cyrtophyllum,Cc+NP,Cc,Cc+NP2,1,1.997866667,81.31082778,24.57073333,54.30626095,3.598728597,15.09040193,20.96170072,700.4239396,0.30235667,2.220585733,0.545696547,0.530089647,8.401763613,61.70472915,15.1635927,14.72991454
4,NP,1,1,yes,yes,3,3,C. cyrtophyllum,Cc+NP,Cc,Cc+NP3,1,11.39166667,339.436936,33.56048049,44.05457299,1.894162388,23.25807612,107.8688722,5555.249689,0.312612666,0.72326466,0.317633864,0.540651198,16.50400558,38.18387823,16.7690936,28.5430226
4,NP,1,1,yes,yes,4,4,C. cyrtophyllum,Cc+NP,Cc,Cc+NP4,1,4.305333333,141.8088251,30.36012273,45.65738872,2.300423947,19.84738021,43.48307265,1910.984096,0.50200954,1.002333665,0.430111337,0.365969404,21.82247932,43.57169325,18.69704661,15.90878082
4,NP,1,1,yes,yes,5,5,C. cyrtophyllum,Cc+NP,Cc,Cc+NP5,1,2.4938,131.1783086,19.01076502,52.74839333,2.499017619,21.10765164,34.81615656,1627.250459,0.376186781,1.05296298,0.557250935,0.512616923,15.0533865,42.13507628,22.29879977,20.51273745
1,CT,0,0,no,no,1,1,S. bullockii,Sb+CT,Sb,Sb+CT1,2,6.813333333,98.57902671,69.11544535,14.11987997,0.757272868,18.64569639,97.74207545,4035.467212,0.249469118,0.134531505,0.184286747,0.188985497,32.94309472,17.76526144,24.33558038,24.95606346
1,CT,0,0,no,no,2,2,S. bullockii,Sb+CT,Sb,Sb+CT2,2,11.971,165.5418286,72.31404959,14.21604153,0.800818406,17.7518916,163.0260853,6408.190231,0.21,0.237040183,0.251275341,0.312502883,25.38798305,18.03988666,27.16980312,29.40232718
1,CT,0,0,no,no,3,3,S. bullockii,Sb+CT,Sb,Sb+CT3,2,6.637666667,100.4614271,66.07179347,13.75057306,0.654186839,21.01933613,102.2837357,4760.573061,0.255337445,0.0537792,0.171648376,0.173421818,39.03127206,8.22077074,26.23843303,26.50952418
1,CT,0,0,no,no,4,4,S. bullockii,Sb+CT,Sb,Sb+CT4,2,9.575733333,140.1547886,68.32255558,14.34760933,0.626818257,22.88958429,136.7591628,6931.512278,0.213351341,0.142934004,0.243563951,0.240320303,25.38798305,18.03988666,27.16980312,29.40232718
1,CT,0,0,no,no,5,5,S. bullockii,Sb+CT,Sb,Sb+CT5,2,11.16066667,186.1523854,59.95446496,15.70345345,0.785584989,19.98950295,165.9592525,7345.766569,0.209483939,0.166352051,0.329721715,0.289511223,25.38798305,18.03988666,27.16980312,29.40232718
1,CT,0,0,no,no,1,6,S. bullockii,Sb+CT,Sb,Sb+CT6,2,11.14533333,149.7761333,74.41327991,12.87242966,0.683330512,18.83777973,162.8958885,6794.750202,0.057734646,0.140776089,0.235998879,0.248820898,8.449007413,20.601464,34.53656394,36.41296465
1,CT,0,0,no,no,3,7,S. bullockii,Sb+CT,Sb,Sb+CT7,2,9.026333333,106.4286758,84.81110254,14.39643809,0.792004364,18.17722066,103.4979244,4165.74592,0.275394546,0.124763929,0.179288127,0.212557762,34.77184701,15.75293452,22.63726504,26.83795343
2,N,1,0,yes,no,1,1,S. bullockii,Sb+N,Sb,Sb+N1,2,6.595333333,104.9891041,62.81921722,15.26847642,0.644779488,23.68015222,96.26680595,5047.713655,0.25,0.159610448,0.232359858,0.252809182,21.37436017,21.20482108,28.2263874,29.19443135
2,N,1,0,yes,no,2,2,S. bullockii,Sb+N,Sb,Sb+N2,2,3.421666667,40.81559524,83.83233533,14.39108111,0.63166604,22.78273677,39.70642157,2003.089248,0.158130551,0.136139931,0.17026655,0.167129007,25.03388523,21.55251708,26.95515338,26.45844431
2,N,1,0,yes,no,3,3,S. bullockii,Sb+N,Sb,Sb+N3,2,15.77166667,221.4452678,71.2215114,16.42193027,0.615993694,26.65925063,188.7861962,11144.27529,0.077395204,0.140547775,0.187880027,0.210170687,12.56428511,22.81643085,30.50031671,34.11896734
2,N,1,0,yes,no,4,4,S. bullockii,Sb+N,Sb,Sb+N4,2,6.591666667,85.53060332,77.06793137,15.29240471,0.607085948,25.18985121,78.30216826,4367.501358,0.207726176,0.099951075,0.155283403,0.144125295,34.21693028,16.46407316,25.5784874,23.74050916
2,N,1,0,yes,no,5,5,S. bullockii,Sb+N,Sb,Sb+N5,2,7.491333333,94.91019911,78.93075142,14.54832093,0.569332954,25.55327392,91.33306821,5167.830444,0.077898071,0.136561701,0.170068818,0.184804364,13.68234006,23.98626325,29.87159211,32.45980458
3,P,0,1,no,yes,1,1,S. bullockii,Sb+P,Sb,Sb+P1,2,8.466666667,102.0373278,82.97617007,14.82713931,1.037684916,14.28867191,96.34512494,3048.282878,0.276637386,0.271842438,0.234752842,0.25445225,26.65909292,26.19701161,22.62274784,24.52114763
3,P,0,1,no,yes,2,2,S. bullockii,Sb+P,Sb,Sb+P2,2,15.16,211.6474518,71.62854961,14.60791473,1.233841081,11.83938106,202.839651,5317.598115,0.198998984,0.490132946,0.299217553,0.245491597,16.12841292,39.72415518,24.25089892,19.89653297
3,P,0,1,no,yes,4,4,S. bullockii,Sb+P,Sb,Sb+P4,2,7.107,92.56271275,76.7803772,15.03489364,0.893756259,16.82214081,86.19136321,3210.544337,0.18554961,0.237586531,0.245457258,0.22516286,20.76065009,26.58292224,27.46355685,25.19287082
3,P,0,1,no,yes,5,5,S. bullockii,Sb+P,Sb,Sb+P5,2,16.17666667,190.1785841,85.0604012,13.20734363,0.935141443,14.12336468,201.592406,6304.432506,0.258073644,0.521910134,0.365663245,0.311404554,27.59728445,34.2782812,39.1024532,33.30026234
3,P,0,1,no,yes,2,6,S. bullockii,Sb+P,Sb,Sb+P6,2,2.744966667,45.00795153,60.98848256,15.89227684,0.791540758,20.07764815,39.64890165,1762.696972,0.105369515,0.213527276,0.254886988,0.217756979,13.3119506,26.97615679,32.20137255,27.51052007
4,NP,1,1,yes,yes,1,1,S. bullockii,Sb+NP,Sb,Sb+NP1,2,5.909333333,82.78053446,71.38554217,17.96998204,1.127494924,15.93797157,64.49241182,2276.016072,0.257333961,0.317939625,0.322657935,0.229563402,22.82351394,28.19876336,28.61724059,20.36048212
4,NP,1,1,yes,yes,2,2,S. bullockii,Sb+NP,Sb,Sb+NP2,2,5.797,82.68592357,70.10866844,15.61242683,0.718242609,21.73698224,74.14625174,3568.799177,0.181754597,0.115608371,0.201484914,0.219394726,25.3054602,16.09600567,28.05248692,30.54604721
4,NP,1,1,yes,yes,3,3,S. bullockii,Sb+NP,Sb,Sb+NP3,2,14.09033333,185.7583114,75.85304382,14.46194763,0.982241616,14.72341163,179.8247668,5862.618281,0.187313344,0.338066164,0.250345604,0.206516503,19.0699866,34.41782131,25.48717135,21.02502074
4,NP,1,1,yes,yes,4,4,S. bullockii,Sb+NP,Sb,Sb+NP4,2,6.48,105.8808857,61.20084807,15.09577655,0.845724342,17.84952353,98.19517368,3881.060641,0.164012569,0.260158012,0.208012542,0.213541219,19.39314748,30.76156132,24.59578511,25.24950609
4,NP,1,1,yes,yes,5,5,S. bullockii,Sb+NP,Sb,Sb+NP5,2,17.2,255.2575115,67.3829338,16.16292089,0.959750682,16.84074958,221.09897,8244.831709,0.257680361,0.100398148,0.31712895,0.284543223,26.84867708,10.46085717,33.04284703,29.64761872
1,CT,0,0,no,no,1,1,P. rubra,Pr+CT,Pr,Pr+CT1,3,2.275714286,29.01150613,78.44178361,18.91910416,0.889943976,21.2587586,21.46830433,1010.576749,0.200719081,0.13038524,0.159584278,0.399255377,22.55412542,14.65094919,17.93194658,44.86297881
1,CT,0,0,no,no,2,2,P. rubra,Pr+CT,Pr,Pr+CT2,3,1.871433333,29.95733834,62.46994684,25.96534977,1.006800662,25.78996095,16.15240081,922.4045269,0.206556605,0.163510392,0.218654535,0.418079129,20.5161372,16.24059245,21.71775841,41.52551195
1,CT,0,0,no,no,3,3,P. rubra,Pr+CT,Pr,Pr+CT3,3,8.455666667,115.558348,73.17227023,21.91532355,0.905618846,24.19927948,73.82126336,3955.647349,0.125735276,0.186063306,0.199743595,0.394076669,13.88390675,20.54543224,22.05603336,43.51462765
1,CT,0,0,no,no,4,4,P. rubra,Pr+CT,Pr,Pr+CT4,3,3.325333333,57.88112955,57.45107878,20.87131163,0.806984529,25.86333553,38.82534208,2223.481309,0.112041879,0.096425007,0.168691816,0.429825826,13.88401821,11.94880495,20.90397153,53.26320531
1,CT,0,0,no,no,5,5,P. rubra,Pr+CT,Pr,Pr+CT5,3,4.357,68.23921127,63.84892086,20.80953717,0.835790926,24.89801757,45.90918818,2531.034356,0.167673293,0.128299847,0.127581303,0.412236485,20.06163112,15.35071062,15.26473891,49.32291935
1,CT,0,0,no,no,4,6,P. rubra,Pr+CT,Pr,Pr+CT6,3,1.302111111,23.62235491,55.12198577,18.19315865,0.718733865,25.31278896,18.17787528,1018.86531,0.146698953,0.040501405,0.218042632,0.460189829,16.64255403,5.635104544,30.33704718,64.02784827
1,CT,0,0,no,no,5,7,P. rubra,Pr+CT,Pr,Pr+CT7,3,2.270333333,32.77753014,69.26493007,22.37953897,0.753364322,29.70613066,20.50468611,1348.754388,0.067467583,0.084360494,0.176871445,0.424664799,8.955505504,11.19783508,23.47754471,56.36911471
2,N,1,0,yes,no,1,1,P. rubra,Pr+N,Pr,Pr+N1,3,4.610666667,73.81518411,62.46230667,24.88789517,1.013230435,24.5629171,41.52269891,2258.39121,0.149211022,0.158874255,0.219027759,0.486117399,14.72626725,15.67997268,21.61677653,47.97698354
2,N,1,0,yes,no,2,2,P. rubra,Pr+N,Pr,Pr+N2,3,3.971333333,64.66522965,61.41373586,21.78177166,0.875374144,24.8828136,41.56288246,2290.017512,0.149094512,0.134559656,0.161505341,0.430214635,17.03209001,15.37167359,18.4498642,49.1463722
2,N,1,0,yes,no,3,3,P. rubra,Pr+N,Pr,Pr+N3,3,3.477666667,45.7590897,75.99947223,21.04492932,0.786921704,26.74335858,30.44093169,1802.63395,0.131584717,0.118308856,0.132743669,0.404284462,16.72144969,15.03438717,16.86872641,51.37543673
2,N,1,0,yes,no,4,4,P. rubra,Pr+N,Pr,Pr+N4,3,7.881333333,134.3954984,58.6428372,28.01974212,0.916393183,30.57611366,67.15040309,4546.367791,0.107095955,0.119820138,0.151181316,0.407403595,13.63409526,15.25397637,19.24648286,51.86544552
2,N,1,0,yes,no,5,5,P. rubra,Pr+N,Pr,Pr+N5,3,3.719,56.71130622,65.57775244,21.80042507,0.785501004,27.75352923,36.41939478,2238.126347,0.155190103,0.103410396,0.166658209,0.491134475,16.93488182,11.28450081,18.18632133,53.59429604
2,N,1,0,yes,no,3,6,P. rubra,Pr+N,Pr,Pr+N6,3,4.209333333,69.98317538,60.14778996,24.06036931,1.632347654,14.73973344,40.72108963,1329.054158,0.247170713,0.5353621,0.318072469,0.531742372,15.1420387,32.79706367,19.48558372,32.57531391
3,P,0,1,no,yes,1,1,P. rubra,Pr+P,Pr,Pr+P1,3,3.609376667,54.29924888,66.47194466,24.01531933,1.664658016,14.42657837,31.6543567,1011.184699,0.138636854,0.540292595,0.337735071,0.647993496,8.32824836,32.45667214,20.28855586,38.92652364
3,P,0,1,no,yes,2,2,P. rubra,Pr+P,Pr,Pr+P2,3,2.289,38.88282486,58.8691796,23.44735835,1.052886715,22.26959273,23.2162421,1144.821711,0.163342184,0.173476295,0.212446429,0.503621808,15.51374727,16.47625448,20.17752011,47.83247813
3,P,0,1,no,yes,3,3,P. rubra,Pr+P,Pr,Pr+P3,3,10.49533333,149.1004667,70.39101599,22.17484862,0.9696016,22.87006192,94.13396992,4767.024381,0.135305342,0.206663916,0.208223932,0.41940841,13.95473586,21.31431265,21.47520504,43.25574645
3,P,0,1,no,yes,4,4,P. rubra,Pr+P,Pr,Pr+P4,3,7.123666667,131.8116925,54.04426976,26.00465256,1.041185125,24.97601237,70.96282831,3924.5302,0.162079894,0.182528799,0.193098462,0.503477971,15.56686603,17.53086888,18.54602576,48.35623933
3,P,0,1,no,yes,5,5,P. rubra,Pr+P,Pr,Pr+P5,3,3.922666667,65.51667876,59.87279485,21.87305793,0.961455788,22.7499363,41.93439736,2112.439352,0.174378273,0.133772241,0.177853707,0.475451566,18.13689977,13.91350941,18.49837607,49.45121476
3,P,0,1,no,yes,3,6,P. rubra,Pr+P,Pr,Pr+P6,3,4.523333333,134.1353641,33.72215347,19.58353331,1.077411583,18.17646442,95.89153639,3859.431578,0.083413883,0.298338421,0.231292589,0.46436669,7.742062975,27.69029272,21.46743104,43.10021326
4,NP,1,1,yes,yes,1,1,P. rubra,Pr+NP,Pr,Pr+NP1,3,5.387833333,80.84078492,67.04780319,22.27735466,1.168729312,19.06117561,57.85063354,2517.49565,0.136956618,0.22492817,0.231015049,0.575829475,11.71842071,19.24553171,19.76634334,49.26970424
4,NP,1,1,yes,yes,2,2,P. rubra,Pr+NP,Pr,Pr+NP2,3,2.976333333,47.35268064,62.85459013,19.16269538,1.302284518,14.71467648,34.59521304,1127.198457,0.2024143,0.305043342,0.22906665,0.565760227,15.54301667,23.42370945,17.58960096,43.44367291
4,NP,1,1,yes,yes,3,3,P. rubra,Pr+NP,Pr,Pr+NP3,3,7.198666667,93.10122718,77.32085693,20.85335585,0.955388825,21.82708788,62.50395332,3020.904125,0.064264573,0.187897294,0.139134895,0.564092063,6.726535986,19.66710189,14.56316964,59.04319248
4,NP,1,1,yes,yes,4,4,P. rubra,Pr+NP,Pr,Pr+NP4,3,14.966,228.925107,65.37509231,18.09423963,0.945755985,19.1320382,177.1255142,7503.709656,0.145252359,0.182941887,0.15978442,0.45777732,15.35833353,19.34345533,16.89488859,48.40332254
4,NP,1,1,yes,yes,5,5,P. rubra,Pr+NP,Pr,Pr+NP5,3,2.877777778,44.23933864,65.0501989,21.8919629,0.852576538,25.67741656,28.29123837,1608.558807,0.057278334,0.137273066,0.190961924,0.467063214,6.718262995,16.10096691,22.39821473,54.78255536
4,NP,1,1,yes,yes,2,2,P. rubra,Pr+NP,Pr,Pr+NP7,3,2.226,30.06614333,74.03676539,25.12424029,1.236209941,20.32360318,16.75378048,753.9580553,0.163626488,0.247354159,0.266266539,0.558962755,13.23614074,20.00907376,21.53894175,45.21584375
4,NP,1,1,yes,yes,3,6,P. rubra,Pr+NP,Pr,Pr+NP6,3,2.082222222,41.36021275,50.34360521,20.80336497,1.17560419,17.69589216,27.83410181,1090.644799,0.290923539,0.070190649,0.282128664,0.532361338,24.74672529,5.970602186,23.99860991,45.28406261
1,CT,0,0,no,no,1,1,S. octophylla,So+CT,So,So+CT1,4,18.04666667,347.7229824,51.89955103,20.61126772,0.758455023,27.17533287,236.187401,14212.32917,0.304093127,0.154077197,0.157752987,0.142531713,40.0937587,20.31461222,20.79925402,18.79237505
1,CT,0,0,no,no,2,2,S. octophylla,So+CT,So,So+CT2,4,8.217333333,154.344883,53.24007621,26.04853097,1.040946548,25.0238891,82.95394334,4596.481332,0.449707784,0.293742216,0.192464741,0.105031808,43.20181326,28.21876075,18.48939708,10.09002892
1,CT,0,0,no,no,3,3,S. octophylla,So+CT,So,So+CT3,4,17.66,242.2936458,72.88676492,17.07224576,0.737673603,23.14335999,198.691554,10182.14964,0.316943066,0.173693297,0.170583299,0.076453941,42.96521724,23.54609087,23.12449553,10.36419636
1,CT,0,0,no,no,4,4,S. octophylla,So+CT,So,So+CT4,4,5.672,116.4085745,48.72493308,19.36233261,0.822979199,23.52712271,84.16961301,4384.880944,0.359143951,0.20288398,0.157580561,0.103370707,43.6394931,24.65238254,19.14757518,12.56054918
1,CT,0,0,no,no,5,5,S. octophylla,So+CT,So,So+CT5,4,12.17966667,179.1926611,67.9696735,17.89216779,0.760956642,23.51272963,140.2120349,7299.985551,0.30800016,0.205478877,0.15148805,0.095989554,40.47538892,27.00270496,19.90757974,12.61432638
2,N,1,0,yes,no,1,1,S. octophylla,So+N,So,So+N1,4,4.132333333,77.01260474,53.65788298,20.50591751,0.950483019,21.57420711,52.57879664,2511.765807,0.433895663,0.226823832,0.188334335,0.101429189,45.65001739,23.86405941,19.81459226,10.67133095
2,N,1,0,yes,no,2,2,S. octophylla,So+N,So,So+N2,4,9.725666667,163.8822508,59.34545455,20.33552614,0.821975416,24.73982281,112.8247922,6180.65903,0.326543681,0.264386611,0.136180825,0.094864299,39.72669673,32.16478326,16.56750587,11.54101414
2,N,1,0,yes,no,3,3,S. octophylla,So+N,So,So+N3,4,10.28266667,146.6724883,70.10630818,19.68425647,0.8438227,23.32747918,104.3176225,5388.391586,0.351593673,0.242532611,0.144997505,0.10469891,41.66677111,28.74212929,17.18340895,12.40769065
2,N,1,0,yes,no,4,4,S. octophylla,So+N,So,So+N4,4,10.229,132.6002868,77.14161292,18.72500727,0.850466583,22.01733455,99.14036287,4833.357331,0.328670213,0.244705693,0.180559715,0.096530962,38.6458704,28.77311089,21.23066543,11.35035328
3,P,0,1,no,yes,1,1,S. octophylla,So+P,So,So+P1,4,2.254333333,64.48939248,34.95665328,20.19304791,1.182420805,17.07771703,44.71100641,1690.744242,0.405698606,0.384339444,0.244380599,0.148002155,34.31084811,32.50445549,20.66781962,12.51687678
3,P,0,1,no,yes,2,2,S. octophylla,So+P,So,So+P2,4,3.080333333,59.20152389,52.0313183,20.44182185,1.421554182,14.37991046,40.54537508,1291.014626,0.495183972,0.540603844,0.29126274,0.094503626,34.83398512,38.02907061,20.48903546,6.647908814
3,P,0,1,no,yes,3,3,S. octophylla,So+P,So,So+P3,4,6.588333333,113.0333562,58.2866293,18.02842214,1.325917226,13.5969439,87.77623328,2642.72458,0.484357636,0.49108809,0.25399968,0.09647182,36.53000554,37.03761297,19.15652613,7.275855365
3,P,0,1,no,yes,4,4,S. octophylla,So+P,So,So+P4,4,2.176,44.10119361,49.34106816,16.09913967,1.21763522,13.22164422,38.35091336,1122.780435,0.397246913,0.492130308,0.247736769,0.080521231,32.62445983,40.41689164,20.34572954,6.612918982
3,P,0,1,no,yes,5,5,S. octophylla,So+P,So,So+P5,4,3.801,86.40806015,43.98895188,20.3056004,1.349612272,15.04550664,59.57532987,1984.755118,0.556536403,0.460244857,0.259143163,0.073687849,41.2367622,34.10200594,19.20130458,5.459927286
3,P,0,1,no,yes,1,6,S. octophylla,So+P,So,So+P6,4,,201.1264765,62.45158215,18.72758463,0.902622348,20.74797359,150.3541821,6907.563043,0.406861552,0.237391513,0.19048082,0.067888463,45.07550178,26.30020333,21.10304716,7.521247725
4,NP,1,1,yes,yes,2,2,S. octophylla,So+NP,So,So+NP2,4,8.432333333,188.477757,39.43105718,20.20607815,1.129352115,17.89174332,139.4611574,4359.699716,0.48360499,0.691431182,0.307187393,0.130733541,36.43988283,34.86595329,18.02811468,10.6660492
4,NP,1,1,yes,yes,3,3,S. octophylla,So+NP,So,So+NP3,4,13.20233333,288.1823609,45.81242687,19.76261857,1.226721057,16.11011603,204.1507322,7282.546536,0.455215243,0.450570275,0.21018929,0.110746249,37.10829288,36.72964383,17.13423677,9.027826521
4,NP,1,1,yes,yes,4,4,S. octophylla,So+NP,So,So+NP4,4,8.254333333,216.9194009,38.0525361,17.6681817,1.677490132,10.53251006,171.883653,4008.668247,0.638174319,0.631380128,0.324575574,0.083360112,38.04340226,37.63838105,19.34888124,4.969335448
4,NP,1,1,yes,yes,5,5,S. octophylla,So+NP,So,So+NP5,4,3.840333333,60.33150908,63.65385835,19.9447305,1.04608375,19.06609343,42.34908699,1787.884366,0.357425408,0.316229391,0.184123565,0.188305385,34.16795335,30.22983499,17.60122603,18.00098563
1,CT,0,0,no,no,2,1,U. microcarpa,Um+CT,Um,Um+CT1,5,16.29666667,252.6091497,64.51336654,23.80335545,1.182393525,20.13150018,148.5726709,6622.908091,0.131479985,0.388367815,0.344367411,0.318178313,11.11981606,32.84590172,29.12460228,26.90967994
1,CT,0,0,no,no,4,2,U. microcarpa,Um+CT,Um,Um+CT2,5,7.910666667,113.1988148,69.88294607,17.05980478,1.035480353,16.47525685,92.89575276,3388.923071,0.277930269,0.262543196,0.274678095,0.220328793,26.84070906,25.35472502,26.5266351,21.27793082
1,CT,0,0,no,no,5,3,U. microcarpa,Um+CT,Um,Um+CT3,5,7.689333333,97.62527407,78.76375668,20.36645775,0.793088352,25.67993553,67.10807809,3815.947477,0.21750595,0.168072752,0.195790241,0.211719409,27.42518528,21.19218516,24.6870655,26.69556407
2,N,1,0,yes,no,1,1,U. microcarpa,Um+N,Um,Um+N1,5,7.675666667,139.4831852,55.02933316,23.07117709,0.924931903,24.94364939,84.64087394,4674.91577,0.259147521,0.237732604,0.220518796,0.207532983,28.01801084,25.70271423,23.84162497,22.43764996
2,N,1,0,yes,no,2,2,U. microcarpa,Um+N,Um,Um+N2,5,7.639666667,127.0689815,60.12219959,20.22941982,0.963837884,20.98840496,87.93953344,4086.930481,0.28241019,0.243778835,0.229394953,0.208253906,29.30059035,25.29251436,23.80015943,21.60673587
2,N,1,0,yes,no,3,3,U. microcarpa,Um+N,Um,Um+N3,5,7.864666667,88.86647449,88.49981629,19.52933338,1.051316272,18.57607829,63.70574042,2620.391962,0.286062788,0.304172232,0.240239315,0.220841938,27.2099648,28.93251441,22.85128853,21.00623225
2,N,1,0,yes,no,4,4,U. microcarpa,Um+N,Um,Um+N4,5,9.89,135.2235419,73.13815228,20.92866213,1.05683896,19.80307589,90.45631179,3966.479245,0.275789772,0.316498406,0.225483508,0.239067273,26.09572342,29.94764747,21.33565444,22.62097467
2,N,1,0,yes,no,5,5,U. microcarpa,Um+N,Um,Um+N5,5,4.408666667,57.52031564,76.64538377,14.15773215,0.793088352,17.85139337,56.87947831,2248.336872,0.148659275,0.230099262,0.212726696,0.201603119,18.74435235,29.01306787,26.82257221,25.42000758
3,P,0,1,no,yes,2,2,U. microcarpa,Um+P,Um,Um+P2,5,7.796,91.74390396,84.97567319,22.7499071,1.157003468,19.66278212,56.4580176,2458.126619,0.259928185,0.378147962,0.28229502,0.236632301,22.46563578,32.68339055,24.39880498,20.45216869
3,P,0,1,no,yes,3,3,U. microcarpa,Um+P,Um,Um+P3,5,11.49333333,164.4983333,69.86899563,19.49330278,1.054803388,18.48050831,118.141943,4834.501283,0.250760516,0.361770461,0.253767891,0.18850452,23.77319973,34.29743073,24.05831208,17.87105746
3,P,0,1,no,yes,4,4,U. microcarpa,Um+P,Um,Um+P4,5,6.847,119.9098107,57.10124933,23.80324147,1.77783082,13.38892385,70.52557747,2090.864941,0.329947417,0.786868257,0.377867082,0.283148064,18.55898845,44.26001891,21.25438921,15.92660342
3,P,0,1,no,yes,5,5,U. microcarpa,Um+P,Um,Um+P5,5,10.13233333,134.0700401,75.57492582,20.37325324,1.375458343,14.81197402,92.12964367,3021.662753,0.277083969,0.600124105,0.300380468,0.197869802,20.14484629,43.6308455,21.83857252,14.38573569
4,NP,1,1,yes,yes,2,1,U. microcarpa,Um+NP,Um,Um+NP1,5,10.71733333,161.192389,66.48783731,21.7651749,1.467021375,14.83630387,103.6836807,3406.197172,0.295915398,0.653007086,0.303924013,0.214174877,20.17117154,44.51244525,20.71708144,14.59930177
4,NP,1,1,yes,yes,3,2,U. microcarpa,Um+NP,Um,Um+NP2,5,14.07333333,209.5691221,67.15365885,19.60501372,1.097033723,17.87093077,149.6539483,5922.008274,0.256338928,0.416368199,0.212747078,0.211579519,23.3665495,37.95400177,19.39293874,19.28651
4,NP,1,1,yes,yes,4,3,U. microcarpa,Um+NP,Um,Um+NP3,5,11.48733333,155.3340277,73.95245913,24.16541838,1.047065931,23.07917551,89.99125746,4598.903198,0.259584039,0.329168028,0.260969239,0.197344624,24.79156582,31.43718258,24.92385929,18.84739232
4,NP,1,1,yes,yes,5,4,U. microcarpa,Um+NP,Um,Um+NP4,5,9.835333333,179.0884299,54.91886515,21.52528046,1.974865714,10.89961728,116.4787619,2811.199409,0.417167648,1.021237544,0.319876454,0.216584069,21.1238488,51.71174611,16.19737743,10.96702765